bookID,title,authors,  num_pages,publisher
1,Harry Potter and the Half-Blood Prince (Harry Potter  #6),J.K. Rowling/Mary GrandPrac,652,Scholastic Inc.
2,Harry Potter and the Order of the Phoenix (Harry Potter  #5),J.K. Rowling/Mary GrandPrac,870,Scholastic Inc.
4,Harry Potter and the Chamber of Secrets (Harry Potter  #2),J.K. Rowling,352,Scholastic
5,Harry Potter and the Prisoner of Azkaban (Harry Potter  #3),J.K. Rowling/Mary GrandPrac,435,Scholastic Inc.
8,Harry Potter Boxed Set  Books 1-5 (Harry Potter  #1-5),J.K. Rowling/Mary GrandPrac,2690,Scholastic
9,"Unauthorized Harry Potter Book Seven News: ""Half-Blood Prince"" Analysis and Speculation",W. Frederick Zimmerman,152,Nimble Books
10,Harry Potter Collection (Harry Potter  #1-6),J.K. Rowling,3342,Scholastic
12,The Ultimate Hitchhiker's Guide: Five Complete Novels and One Story (Hitchhiker's Guide to the Galaxy  #1-5),Douglas Adams,815,Gramercy Books
13,The Ultimate Hitchhiker's Guide to the Galaxy (Hitchhiker's Guide to the Galaxy  #1-5),Douglas Adams,815,Del Rey Books
14,The Hitchhiker's Guide to the Galaxy (Hitchhiker's Guide to the Galaxy  #1),Douglas Adams,215,Crown
16,The Hitchhiker's Guide to the Galaxy (Hitchhiker's Guide to the Galaxy  #1),Douglas Adams/Stephen Fry,6,Random House Audio
18,The Ultimate Hitchhiker's Guide (Hitchhiker's Guide to the Galaxy  #1-5),Douglas Adams,815,Wings Books
21,A Short History of Nearly Everything,Bill Bryson,544,Broadway Books
22,Bill Bryson's African Diary,Bill Bryson,55,Broadway Books
23,Bryson's Dictionary of Troublesome Words: A Writer's Guide to Getting It Right,Bill Bryson,256,Broadway Books
24,In a Sunburned Country,Bill Bryson,335,Broadway Books
25,I'm a Stranger Here Myself: Notes on Returning to America After Twenty Years Away,Bill Bryson,304,Broadway Books
26,The Lost Continent: Travels in Small Town America,Bill Bryson,299,William Morrow Paperbacks
27,Neither Here nor There: Travels in Europe,Bill Bryson,254,William Morrow Paperbacks
28,Notes from a Small Island,Bill Bryson,324,William Morrow Paperbacks
29,The Mother Tongue: English and How It Got That Way,Bill Bryson,270,William Morrow Paperbacks
30,J.R.R. Tolkien 4-Book Boxed Set: The Hobbit and The Lord of the Rings,J.R.R. Tolkien,1728,Ballantine Books
31,The Lord of the Rings (The Lord of the Rings  #1-3),J.R.R. Tolkien,1184,Houghton Mifflin Harcourt
34,The Fellowship of the Ring (The Lord of the Rings  #1),J.R.R. Tolkien,398,Houghton Mifflin Harcourt
35,The Lord of the Rings (The Lord of the Rings  #1-3),J.R.R. Tolkien/Alan  Lee,1216,Houghton Mifflin Harcourt
36,The Lord of the Rings: Weapons and Warfare,Chris   Smith/Christopher  Lee/Richard Taylor,218,Houghton Mifflin Harcourt
37,The Lord of the Rings: Complete Visual Companion,Jude Fisher,224,Houghton Mifflin Harcourt
45,Agile Web Development with Rails: A Pragmatic Guide,Dave Thomas/David Heinemeier Hansson/Leon Breedt/Mike Clark/Thomas  Fuchs/Andreas  Schwarz,558,Pragmatic Bookshelf
50,Hatchet (Brian's Saga  #1),Gary Paulsen,208,Atheneum Books for Young Readers: Richard Jackson Books
51,"Hatchet: A Guide for Using ""Hatchet"" in the Classroom",Donna Ickes/Edward Sciranko/Keith Vasconcelles,48,Teacher Created Resources
53,Guts: The True Stories behind Hatchet and the Brian Books,Gary Paulsen,144,Delacorte Press
54,Molly Hatchet - 5 of the Best,Molly Hatchet,56,Cherry Lane Music Company
55,Hatchet Jobs: Writings on Contemporary Fiction,Dale Peck,228,The New Press
57,A Changeling for All Seasons (Changeling Seasons #1),Angela Knight/Sahara Kelly/Judy Mays/Marteeka Karland/Kate Douglas/Shelby Morgen/Lacey Savage/Kate Hill/Willa Okati,304,Changeling Press
58,Changeling (Changeling  #1),Delia Sherman,256,Viking Juvenile
59,The Changeling Sea,Patricia A. McKillip,137,Firebird
61,The Changeling,Zilpha Keatley Snyder,228,iUniverse
63,The Changeling,Kate Horsley,339,Shambhala
66,The Changeling (Daughters of England  #15),Philippa Carr,369,Ivy Books
67,The Known World,Edward P. Jones,388,Amistad
68,The Known World,Edward P. Jones/Kevin R. Free,14,HarperAudio
69,The Known World,Edward P. Jones,576,Harper
71,Traders  Guns & Money: Knowns and Unknowns in the Dazzling World of Derivatives,Satyajit Das,334,FT Press
72,Artesia: Adventures in the Known World,Mark Smylie,352,Archaia
74,The John McPhee Reader (John McPhee Reader  #1),John McPhee/William Howarth,416,Farrar  Straus and Giroux
75,Uncommon Carriers,John McPhee,248,Farrar Straus Giroux
76,Heirs of General Practice,John McPhee,128,Farrar  Straus and Giroux
77,The Control of Nature,John McPhee,288,Farrar  Straus and Giroux
78,Annals of the Former World,John McPhee,720,Farrar  Straus and Giroux
79,Coming Into the Country,John McPhee,448,Farrar  Straus and Giroux
80,La Place de la Concorde Suisse,John McPhee,160,Farrar  Straus and Giroux
81,Giving Good Weight,John McPhee,288,Farrar  Straus and Giroux
83,Rising from the Plains,John McPhee,208,Farrar  Straus and Giroux
85,The Heidi Chronicles,Wendy Wasserstein,81,Dramatists Play Service
86,The Heidi Chronicles: Uncommon Women and Others & Isn't It Romantic,Wendy Wasserstein,249,Vintage
89,Active Literacy Across the Curriculum: Strategies for Reading  Writing  Speaking  and Listening,Heidi Hayes Jacobs,138,Routledge
90,Simply Beautiful Beaded Jewelry,Heidi Boyd,128,North Light Books
91,Always Enough: God's Miraculous Provision Among the Poorest Children on Earth,Heidi Baker/Rolland Baker,192,Chosen Books
92,Mapping the Big Picture: Integrating Curriculum & Assessment K-12,Heidi Hayes Jacobs,108,Association for Supervision & Curriculum Development
93,Heidi (Heidi  #1-2),Johanna Spyri/Beverly Cleary/Angelo  Rinaldi,352,Kingfisher
94,Getting Results with Curriculum Mapping,Heidi Hayes Jacobs,192,ASCD
96,There's Always Enough: The Miraculous Move of God in Mozambique,Rolland Baker/Heidi Baker,192,Sovereign World
98,What to Expect the First Year (What to Expect),Heidi Murkoff/Sharon Mazel/Arlene Eisenberg/Sandee Hathaway/Mark D. Widome,832,Workman Publishing Company
99,The Player's Handbook: The Ultimate Guide on Dating and Relationships,Heidi Fleiss/Libby Keatinge,123,One Hour Entertainment
100,Simply Beautiful Beading: 53 Quick and Easy Projects,Heidi Boyd,128,North Light Books
103,God Emperor of Dune (Dune Chronicles  #4),Frank Herbert,423,Ace Books
105,Chapterhouse: Dune (Dune Chronicles #6),Frank Herbert,436,Ace Books
106,Dune Messiah (Dune Chronicles #2),Frank Herbert,331,Ace Books
107,Dreamer of Dune: The Biography of Frank Herbert,Brian Herbert,592,Tor Books
109,Heretics of Dune (Dune Chronicles  #5),Frank Herbert,480,Putnam
110,The Road to Dune,Frank Herbert/Brian Herbert/Kevin J. Anderson,426,Tor Science Fiction
117,Heretics of Dune (Dune Chronicles #5),Frank Herbert,471,Ace Books
119,The Lord of the Rings: The Art of the Fellowship of the Ring,Gary Russell,192,Houghton Mifflin Harcourt
122,The Power of One (The Power of One  #1),Bryce Courtenay,544,Ballantine Books
123,The Power of One (The Power of One  #1),Bryce Courtenay,291,Delacorte Books for Young Readers
129,The Power of One: One Person  One Rule  One Month,John C. Maxwell/Stephen R. Graves/Thomas G. Addington,256,Thomas Nelson
130,Power of an Hour: Business and Life Mastery in One Hour a Week,Dave Lakhani,205,Wiley
131,The Power of One: The Solo Play for Playwrights  Actors  and Directors,Louis E. Catron,240,Heinemann Drama
132,How to Buy  Sell & Profit on eBay: Kick-Start Your Home-Based Business in Just Thirty Days,Adam Ginsberg,336,William Morrow Paperbacks
133,eBay for Dummies,Marsha Collier,386,Wiley
135,What to Sell on ebay and Where to Get It: The Definitive Guide to Product Sourcing for eBay and Beyond,Chris Malta/Lisa Suttora,260,McGraw-Hill
137,Starting an eBay Business for Dummies,Marsha Collier,384,Wiley
138,eBay: Top 100 Simplified Tips & Tricks,Julia Wilkinson,260,Wiley
139,ebay Timesaving Techniques for Dummies,Marsha Collier,391,Wiley
140,eBay Business All-in-One Desk Reference for Dummies,Marsha Collier,864,Wiley
141,Ruby Cookbook,Lucas Carlson/Leonard Richardson,873,O'Reilly Media
142,Ruby Ann's Down Home Trailer Park Cookbook,Ruby Ann Boxcar,240,Citadel
144,Ruby Ann's Down Home Trailer Park BBQin' Cookbook,Ruby Ann Boxcar,206,Citadel
147,Rails Cookbook: Recipes for Rapid Web Development with Ruby,Rob Orsini,514,O'Reilly Media
151,Anna Karenina,Leo Tolstoy/Richard Pevear/Larissa Volokhonsky,838,Penguin Classics
152,Anna Karenina,Leo Tolstoy/David Magarshack/Priscilla Meyer,960,Signet
153,Anna Karenina,Leo Tolstoy/Richard Pevear/Larissa Volokhonsky/John Bayley,837,Penguin Books
154,CliffsNotes on Tolstoy's Anna Karenina,Marianne Sturman/Leo Tolstoy,80,Cliffs Notes
155,Anna Karenina,Leo Tolstoy/Amy Mandelker/Constance Garnett,803,Barnes & Noble Classics
156,Anna Karenina,Leo Tolstoy/Louise Maude/Aylmer Maude,752,Dover Publications
157,Anna Karenina,Leo Tolstoy/Constance Garnett/Amy Mandelker,803,Barnes & Noble
159,Dinner with Anna Karenina,Gloria Goldreich,360,Mira Books
160,Tolstoy: Anna Karenina,Anthony Thorlby,128,Cambridge University Press
162,Untouchable,Mulk Raj Anand/E.M. Forster,160,Penguin Books
163,The Untouchable,John Banville,367,Vintage
164,The Untouchables,Eliot Ness/Oscar Fraley,256,Buccaneer Books
165,Untouchables: My Family's Triumphant Journey Out of the Caste System in Modern India,Narendra Jadhav,320,Scribner
166,Dalit: The Black Untaouchables of India,V.T. Rajshekar/Y.N. Kly,100,Clarity Press
168,Growing Up Untouchable in India: A Dalit Autobiography,Vasant Moon/Gail Omvedt/Eleanor Zelliot,224,Rowman & Littlefield Publishers
171,The Evidence-Based Social Work Skills Book,Barry R. Cournoyer,216,Pearson
177,"A Wrinkle in Time: A Guide for Using ""A Wrinkle in Time"" in the Classroom",John Carratello/Patty Carratello/Theresa Wright,48,Teacher Created Resources
180,Wrinkles in Time,George Smoot/Keay Davidson,360,Harper Perennial
181,A Wrinkle in Time: With Related Readings (A Wrinkle in Time Quintet #1),Madeleine L'Engle,250,EMC/Paradigm Publishing
182,Literature Circle Guide: A Wrinkle in Time,Tara MacCarthy,32,Teaching Resources
201,Una arruga en el tiempo – A Wrinkle in Time,Madeleine L'Engle,205,Turtleback Books
204,The Long Shadow (The Morland Dynasty  #6),Cynthia Harrod-Eagles,367,Little  Brown Book Group
205,A Long Shadow (Inspector Ian Rutledge  #8),Charles Todd,352,William Morrow
207,Long Way Round: Chasing Shadows Across the World,Ewan McGregor/Charley Boorman/Robert Uhlig,320,Atria Books
208,A Shadow in Summer (Long Price Quartet  #1),Daniel Abraham,331,Tor Books
213,New Hope for the Dead (Hoke Mosely #2),Charles Willeford/James Lee Burke,244,Vintage Crime/Black Lizard
214,Sideswipe: A Hoke Moseley Novel,Charles Willeford/Lawrence Block,215,Vintage Crime/Black Lizard
216,Miami Blues (Hoke Moseley #1),Charles Willeford/Elmore Leonard,191,Vintage Crime/Black Lizard
230,The Burnt Orange Heresy (Vintage Crime/Black Lizard),Charles Willeford,144,Vintage
231,I am Charlotte Simmons,Tom Wolfe,738,Picador USA
237,Poetry for Young People: Edward Lear,Edward Lear/Laura Huliska-Beith/Edward Mendelson,48,Sterling
244,The Puffin Book of Nonsense Verse,Quentin Blake,287,Puffin
245,Henry Miller on Writing,Henry Miller/Thomas H. Moore,217,New Directions Publishing
247,Quiet Days in Clichy,Henry Miller,154,Grove Press
249,Tropic of Cancer,Henry Miller/Jiří Níl,318,Grove Press
250,Tropic of Capricorn,Henry Miller,348,Grove Press
251,Nexus (The Rosy Crucifixion  #3),Henry Miller,316,Grove Press
252,Sexus (The Rosy Crucifixion  #1),Henry Miller,506,Grove Press
253,The Air-Conditioned Nightmare,Henry Miller,292,New Directions
264,The Portrait of a Lady,Henry James/Patricia Crick,797,Penguin Classics
269,The Portrait of a Lady,Henry James/Gabriel Brownstein/Mary Cregan,635,Barnes  Noble Classics
277,Writing,Marguerite Duras,91,Brookline Books
278,The War,Marguerite Duras/Barbara Bray,192,The New Press
280,The Ravishing of Lol Stein,Marguerite Duras/Richard Seever,181,Pantheon
285,Love Letters,Kahlil Gibran/Suheil Bushrui/Salma H. Al-Kuzbari,178,One World (UK)
288,Kahlil Gibran: His Life and World,Jean Gibran/جبران خليل جبران/Kahlil Gibran,464,Interlink Publishing Group
289,The Beloved: Reflections on the Path of the Heart,Kahlil Gibran/John Walbridge/Robin Waterfield,102,Penguin Books
290,Jesus the Son of Man,Kahlil Gibran/جبران خليل جبران,216,Knopf
291,The Broken Wings,Kahlil Gibran/جبران خليل جبران/Anthony Rizcallah Ferris,132,Citadel
292,Sand and Foam,Kahlil Gibran/جبران خليل جبران,100,Knopf
295,Treasure Island,Robert Louis Stevenson,311,Kingfisher
296,Treasure Island,Robert Louis Stevenson/Scott McKowen,213,Sterling Children's Books
297,Treasure Island,Robert Louis Stevenson,245,Simon & Schuster
298,Treasure Island,Robert Louis Stevenson/N.C. Wyeth/Timothy Meis,64,Atheneum Books for Young Readers
299,Treasure Island,Robert Louis Stevenson/Milo Winter,272,Gramercy Books
302,Treasure Island (Great Illustrated Classics),Deidre S. Laiken/A.J. McAllister/Robert Louis Stevenson,232,Abdo Publishing Company
313,100 Years of Lynchings,Ralph Ginzburg,270,Black Classic Press
324,Cien años de soledad,Gabriel García Márquez,448,French & European
330,On Beyond Zebra!,Dr. Seuss,64,Random House Books for Young Readers
332,The Wedding Clause,Debbie Raleigh,256,Zebra
333,The Zebra Wall,Kevin Henkes,147,Greenwillow Books
337,El perfume: Historia de un asesino,Patrick Süskind,239,Booket
348,The Door Into Summer,Robert A. Heinlein,304,Del Rey
350,Stranger in a Strange Land,Robert A. Heinlein,528,Ace
354,To Sail Beyond the Sunset,Robert A. Heinlein,434,Ace Books
355,Job: A Comedy of Justice,Robert A. Heinlein,439,Del Rey
356,Time for the Stars (Heinlein's Juveniles  #10),Robert A. Heinlein,256,Tor Books
357,The Long Dark Tea-Time of the Soul (Dirk Gently  #2),Douglas Adams,307,Pocket Books
359,The Salmon of Doubt (Dirk Gently  #3),Douglas Adams,298,Del Rey
362,Wish You Were Here: The Official Biography of Douglas Adams,Nick  Webb,368,Del Rey
367,Douglas Adams's Starship Titanic,Terry Jones,256,Ballantine Books
377,Salmon of Doubt: Hitchhiking the Galaxy One Last Time,Douglas Adams/Christopher Cerf,336,Turtleback Books
382,The Phantom Tollbooth: A Children's Play in Two Acts,Susan Nanus/Norton Juster,72,Samuel French  Inc.
385,On Bullshit,Harry G. Frankfurt,67,Princeton University Press
386,Another Bullshit Night in Suck City,Nick Flynn,347,W. W. Norton & Company
394,Lincoln at Gettysburg: The Words That Remade America,Garry Wills,317,Simon & Schuster
397,The Gettysburg Address,Abraham Lincoln/Michael McCurdy,32,HMH Books for Young Readers
399,Underworld,Don DeLillo,827,Scribner
400,Libra,Don DeLillo,480,Penguin
403,Americana,Don DeLillo,377,Penguin Books
404,Running Dog,Don DeLillo,256,Vintage Contemporaries
406,Cosmopolis,Don DeLillo,224,Scribner
407,Great Jones Street,Don DeLillo,272,Penguin Books
408,The Names,Don DeLillo,339,Vintage
409,Against the Day,Thomas Pynchon,1085,Penguin Press
410,V.,Thomas Pynchon,547,Harper Perennial Modern Classics
411,The Crying of Lot 49,Thomas Pynchon,152,Harper Perennial
412,Gravity's Rainbow,Thomas Pynchon,784,Penguin Books
413,Mason & Dixon,Thomas Pynchon/Christophe Claro/Brice Matthieussent,773,Picador USA
414,Vineland,Thomas Pynchon,385,Penguin Classics
415,Gravity's Rainbow,Thomas Pynchon,776,Penguin Books
416,Slow Learner: Early Stories,Thomas Pynchon,193,Back Bay Books
418,Been Down So Long It Looks Like Up To Me,Richard Fariña/Thomas Pynchon,352,Penguin Classics
420,The Year of Magical Thinking,Joan Didion,227,Knopf Publishing Group
421,The White Album,Joan Didion,222,Farrar Straus Giroux
422,A Book of Common Prayer,Joan Didion,272,Vintage International
423,Where I Was From,Joan Didion,240,Vintage
424,Slouching Towards Bethlehem,Joan Didion,238,Farrar Straus Giroux
425,Democracy,Joan Didion,234,Vintage International
426,We Tell Ourselves Stories in Order to Live: Collected Nonfiction,Joan Didion/John Leonard,1122,Everyman's Library
428,Play It As It Lays,Joan Didion/David Thomson,231,Farrar  Straus and Giroux
431,The New York Trilogy,Paul Auster/Art Spiegelman/Luc Sante,308,Penguin Classics
432,City of Glass (The New York Trilogy  #1),Paul Auster,203,Penguin Books
434,Ghosts (The New York Trilogy  #2),Paul Auster,96,Penguin Books
435,The Locked Room (The New York Trilogy  #3),Paul Auster,179,Sun and Moon Press
444,Pyramids of Montauk: Explorations in Consciousness,Peter Moon/Preston B. Nichols/Nina Helms,256,Sky Books (NY)
446,The Brooklyn Follies,Paul Auster,306,Picador
447,Moon Palace,Paul Auster,320,Penguin Books
453,The Music of Chance,Paul Auster,217,Penguin Books
454,Travels in the Scriptorium,Paul Auster,145,Henry Holt & Company
456,Leviathan,Paul Auster,275,Penguin Books
463,The Red Notebook: True Stories,Paul Auster,104,New Directions
466,Timbuktu / Leviathan / Moon Palace,Paul Auster,1075,Actes Sud
475,Collapse: How Societies Choose to Fail or Succeed,Jared Diamond,608,Penguin Books Ltd. (London)
476,The Coming Economic Collapse: How You Can Thrive When Oil Costs $200 a Barrel,Stephen Leeb/Glen C. Strathy,211,Business Plus
477,Collapse of Complex Societies,Joseph A. Tainter,262,Cambridge University Press
478,Bowling Alone: The Collapse and Revival of American Community,Robert D. Putnam,544,Simon  Schuster
481,The Collapse of the Common Good: How America's Lawsuit Culture Undermines Our Freedom,Philip K. Howard,272,Ballantine Books
484,Reinventing the Enemy's Language: Contemporary Native Women's Writings of North America,Joy Harjo/Gloria Bird/Beth Cuthand/Valerie Martinez/Patricia Blanco,576,W. W. Norton  Company
493,My Inventions,Nikola Tesla,88,Filiquarian Publishing  LLC.
494,Wizard: The Life and Times of Nikola Tesla: Biography of a Genius,Marc J.  Seifer/William H. Terbo,542,Citadel
497,Nikola Tesla: A Spark of Genius,Carol Dommermuth-Costa,144,Lerner Publications
498,Tesla Papers,Nikola Tesla/David Hatcher Childress,100,Adventures Unlimited Press
511,Boys of Summer,Julie Elizabeth Leto/Leslie Kelly/Kimberly Raye,249,Harlequin Blaze
515,Programming Ruby: The Pragmatic Programmers' Guide,Dave Thomas/Chad Fowler/Andy Hunt,828,Pragmatic Bookshelf
523,Golding's Lord of the Flies (Cliffs Notes),Maureen Kelly/CliffsNotes/William Golding,112,Cliffs Notes
524,Lord of the Flies,William Golding,6,Listening Library (Audio)
531,A War Like No Other: How the Athenians & Spartans Fought the Peloponnesian War,Victor Davis Hanson,397,Random House
534,We Were Not Like Other People,Ephraim Sevela/Antonina W. Bouis,216,HarperCollins Publishers
537,The Lovely Bones,Alice Sebold,328,Picador
538,The Lovely Bones,Alice Sebold,532,Large Print Press
539,Lovely in Her Bones (Elizabeth MacPherson  #2),Sharyn McCrumb,224,Ballantine Books
565,The Zen of CSS Design: Visual Enlightenment for the Web,Dave Shea/Molly E. Holzschlag,296,Peachpit Press
570,HTML  XHTML  and CSS (Visual Quickstart Guide),Elizabeth Castro,456,Peachpit Press
576,1000 Record Covers,Michael Ochs/Patrick Javault/Ulrike Wasel,575,Taschen
597,Killing Yourself to Live: 85% of a True Story,Chuck Klosterman,245,Scribner
599,Sex  Drugs  and Cocoa Puffs: A Low Culture Manifesto,Chuck Klosterman,272,Scribner
619,Vice (V  #8),Jane Feather,419,Bantam
629,Zen and the Art of Motorcycle Maintenance: An Inquiry Into Values (Phaedrus  #1),Robert M. Pirsig,540,HarperTorch
639,Once Upon a Cool Motorcycle Dude,Kevin O'Malley/Carol Heyer/Scott Goto,32,Walker & Company
642,Guidebook to Zen and the Art of Motorcycle Maintenance,Ronald L. DiSanto/Thomas J. Steele,408,William Morrow Paperbacks
643,Motorcycle Basics Techbook,John Harold Haynes,222,Haynes Manuals N. America  Inc.
650,LOGO Lounge: 2 000 International Identities by Leading Designers,Catharine M. Fishel/Bill Gardner,191,Rockport Publishers
655,The Death of Ivan Ilych And Other Stories,Leo Tolstoy/Hugh McLean,304,Signet Classics
656,War and Peace,Leo Tolstoy/Henry Gifford/Aylmer Maude/Louise Maude,1392,Oxford University Press
658,The Kingdom of God Is Within You,Leo Tolstoy/Constance Garnett,352,Dover Publications
662,Atlas Shrugged,Ayn Rand/Leonard Peikoff,1168,Plume
663,For the New Intellectual: The Philosophy of Ayn Rand,Ayn Rand,224,Signet Book
664,The Fountainhead,Ayn Rand,752,Dutton
665,The Virtue of Selfishness: A New Concept of Egoism,Ayn Rand/Nathaniel Branden,176,Signet
667,Anthem,Ayn Rand,105,NAL
668,We the Living,Ayn Rand/Leonard Peikoff,464,Signet
669,Capitalism: The Unknown Ideal,Ayn Rand/Nathaniel Branden/Alan Greenspan/Robert Hessen,340,Signet
670,Letters of Ayn Rand,Ayn Rand/Michael S. Berliner/Leonard Peikoff,681,NAL
672,Sailing for Dummies,J.J. Isler/Peter Isler,416,For Dummies
675,Sailing from Byzantium: How a Lost Empire Shaped the World,Colin  Wells,368,Delacorte Press
676,Sailing Alone Around the Room: New and Selected Poems,Billy Collins,192,Random House Trade Paperbacks
678,The Greatest Sailing Stories Ever Told: Twenty-Seven Unforgettable Stories,Christopher Caswell,286,Lyons Press
681,"Natural Cures ""They"" Don't Want You to Know about",Kevin Trudeau,571,Alliance Publishing
685,The Natural,Bernard Malamud/Kevin Baker,231,Farrar Straus Giroux
698,Digging to America,Anne Tyler,277,Alfred A. Knopf
700,Rereading America: Cultural Contexts for Critical Thinking and Writing,Gary Colombo/Bonnie Lisle,826,Bedford Books
702,Modern Latin America,Thomas E. Skidmore/Peter H. Smith,528,Oxford University Press  USA
703,The Plot Against America,Philip Roth,391,Vintage International
707,Naked Pictures of Famous People,Jon   Stewart,164,Dey Street Books
759,Collected Stories,Gabriel García Márquez/Gregory Rabassa/J.S. Bernstein,352,Harper Perennial Modern Classics
762,Chronicle of a Death Foretold,Gabriel García Márquez,118,Vintage Espanol
763,One Hundred Years of Solitude,Gabriel García Márquez,496,Plaza y Janes
764,Del amor y otros demonios,Gabriel García Márquez,176,Plaza y Janes
765,Living to Tell the Tale,Gabriel García Márquez/Edith Grossman,533,Vintage
766,Memoria de mis putas tristes,Gabriel García Márquez,112,Vintage Espanol
771,The Elegant Universe: Superstrings  Hidden Dimensions  and the Quest for the Ultimate Theory,Brian Greene,425,Vintage Books USA
775,Pure and Simple: The Extraordinary Teachings of a Thai Buddhist Laywoman,Upasika Kee Nanayon/Thanissaro Bhikkhu,288,Wisdom Publications
787,The Mini Rough Guide to London,Rob Humphreys/Beth Chaplin/Rebecca Morrill,363,Rough Guides
793,Best of London (Lonely Planet Best Of),Lonely Planet/Sarah Johnstone/Steve Fallon,128,Lonely Planet
797,Lonely Planet Londres,Lonely Planet/Sarah Johnstone/Tom Masters,480,Geoplaneta
799,Out to Eat London 2002 (Lonely Planet Out to Eat),Lonely Planet/Mark Honan,295,Lonely Planet
815,Three Nights in August: Strategy  Heartbreak  and Joy Inside the Mind of a Manager,H.G. Bissinger,287,Mariner Books
816,Cryptonomicon,Neal Stephenson,1139,Avon
821,The Kinakuta Network (Cryptonomicon #2),Neal Stephenson,418,Payot
822,The Confusion (The Baroque Cycle  #2),Neal Stephenson,815,William Morrow Paperbacks
823,Quicksilver (The Baroque Cycle  #1),Neal Stephenson,927,HarperCollins Perennial
824,The Cobweb,Neal Stephenson/J. Frederick George,448,Spectra Books
826,The Big U,Neal Stephenson,308,William Morrow Paperbacks
827,The Diamond Age: Or  A Young Lady's Illustrated Primer,Neal Stephenson/Pedro Jorge Romero,499,Spectra
828,Interface,Neal Stephenson/George F. Jewsbury/Stephen  Bury,640,Spectra
829,Odalisque (The Baroque Cycle  Vol. 1  Book 3),Neal Stephenson,464,HarperTorch
830,Snow Crash,Neal Stephenson/Guy Abadia,438,Bantam Books
834,Harrington on Hold 'em: Expert Strategy for No-Limit Tournaments  Volume II: The Endgame,Dan Harrington/Bill Robertie,450,Two Plus Two Publishing LLC
835,Harrington on Hold 'em: Expert Strategy for No-Limit Tournaments  Volume I: Strategic Play,Dan Harrington/Bill Robertie,381,Two Plus Two Publishing LLC
840,The Design of Everyday Things,Donald A. Norman,240,Basic Books
841,Emotional Design: Why We Love (or Hate) Everyday Things,Donald A. Norman,272,Basic Books
842,The Psychology of Everyday Things,Donald A. Norman,257,Basic Books
848,No Price Too High: A Pentecostal Preacher Becomes Catholic - The Inspirational Story of Alex Jones as Told to Diane Hanson,Alex C. Jones/Diane M. Hanson/Stephen K. Ray,259,Ignatius Press
864,The Alchemist,Paulo Coelho/Alan R. Clarke/James Noel Smith,192,HarperOne
865,The Alchemist,Paulo Coelho/Alan R. Clarke/Özdemir İnce,197,HarperCollins
866,Fullmetal Alchemist  Vol. 9 (Fullmetal Alchemist  #9),Hiromu Arakawa/Akira Watanabe,192,VIZ Media LLC
868,Fullmetal Alchemist  Vol. 3 (Fullmetal Alchemist  #3),Hiromu Arakawa/Akira Watanabe,192,VIZ Media LLC
869,Fullmetal Alchemist  Vol. 8 (Fullmetal Alchemist  #8),Hiromu Arakawa/Akira Watanabe,192,VIZ Media LLC
870,Fullmetal Alchemist  Vol. 1 (Fullmetal Alchemist  #1),Hiromu Arakawa/Akira Watanabe,192,VIZ Media LLC
871,Fullmetal Alchemist  Vol. 4 (Fullmetal Alchemist  #4),Hiromu Arakawa/Akira Watanabe,200,VIZ Media LLC
872,The Illustrated Alchemist: A Fable about Following Your Dream,Paulo Coelho/Alan R. Clarke/Mœbius,198,HarperCollins Publishers
873,Fullmetal Alchemist  Vol. 2 (Fullmetal Alchemist  #2),Hiromu Arakawa/Akira Watanabe,192,VIZ Media LLC
880,Pompeii,Robert   Harris,274,Random House Trade Paperbacks
888,The Last Days of Pompeii,Edward Bulwer-Lytton/John Gregory Betancourt,360,Borgo Press
890,Of Mice and Men,John Steinbeck,103,Penguin Books
900,The Game: Penetrating the Secret Society of Pickup Artists,Neil Strauss,464,It Books
902,The Westing Game,Ellen Raskin,182,Puffin
903,The Egypt Game,Zilpha Keatley Snyder,215,Turtleback Books
929,Memoirs of a Geisha,Arthur Golden,503,Vintage Books USA
930,Memoirs of a Geisha,Arthur Golden,434,Random House Large Print Publishing
931,Memoirs of a Geisha,Arthur Golden,497,Vintage
932,Memoirs of a Geisha: A Portrait of the Film,David        James/Peggy Mulloy/Rob Marshall/Arthur Golden,144,Newmarket Press
933,Memoirs of a Geisha,Arthur Golden,497,Vintage
935,Geisha of Gion,Mineko Iwasaki/Rande Brown,334,Pocket Books
941,Love As A Foreign Language #5,J. Torres/Eric  Kim,58,Oni Press
944,Jungle Love,Margaret Johnson/Philip Prowse,95,Cambridge University Press
955,The 5 Love Languages / The 5 Love Languages Journal,Gary Chapman,0,Moody Publishers
960,Angels & Demons (Robert Langdon  #1),Dan Brown,736,Pocket Books
965,Angels and Demons (Robert Langdon #1),Dan Brown,508,Umbriel
966,Angeles & Demonios,Dan Brown/Raúl Amundaray,18,FonoLibro
968,The Da Vinci Code (Robert Langdon  #2),Dan Brown,489,Anchor
969,The Da Vinci Code,Dan Brown,467,Broadway Books
972,Da Vinci Code (Robert Langdon  #2),Dan Brown/Daniel Roche,744,Pocket
975,Deception Point,Dan Brown,736,Pocket Books
977,Deception Point,Dan Brown,585,Corgi Books
980,Deception Point,Dan Brown,448,Bantam Press
987,A Killing Rain (Louis Kincaid  #6),P.J. Parrish,383,Pinnacle
998,The Millionaire Next Door: The Surprising Secrets of America's Wealthy,Thomas J. Stanley/William D. Danko,258,Gallery Books
1005,Think and Grow Rich: The Landmark Bestseller Now Revised and Updated for the 21st Century,Napoleon Hill,320,Tarcherperigee
1007,Think and Grow Rich,Napoleon Hill,368,High Roads Media
1014,Pragmatic Version Control: Using Subversion (The Pragmatic Starter Kit Series),Mike   Mason,256,Pragmatic Bookshelf
1022,Read My Lips: Sexual Subversion and the End of Gender,Riki Anne Wilchins,288,Firebrand Books
1032,Trump: The Art of the Deal,Donald J. Trump/Tony Schwartz,384,Ballantine Books
1052,The Richest Man in Babylon,George S. Clason,194,Berkley Books
1053,The Richest Man in Babylon,George S. Clason,4,Recorded Books  Inc.
1059,Shibumi,Trevanian/Gisela Stege,480,Broadway Books
1067,1776,David McCullough,386,Simon  Schuster
1068,1776,Peter  Stone/Sherman Edwards,192,Penguin Books
1073,The Crescent Obscured: The United States and the Muslim World  1776-1815,Robert J. Allison,284,University of Chicago Press
1078,The Good Earth (House of Earth  #1),Pearl S. Buck,418,Howard Publishing Co
1090,Purpose Driven Life - For Commuters: What on Earth Am I Here For?,Rick Warren,5,Zondervan
1097,Fast Food Nation: The Dark Side of the All-American Meal,Eric Schlosser,399,Harper Perennial
1099,Fast Food Nation: What The All-American Meal is Doing to the World,Eric Schlosser,384,Penguin Books
1103,Snow Flower and the Secret Fan,Lisa See,269,Random House
1110,The Broker,John Grisham,422,Delta
1111,The Power Broker: Robert Moses and the Fall of New York,Robert A. Caro,1344,Vintage
1117,The Power Broker: A Novel (Christian Gillette  #3),Stephen W. Frey,320,Ballantine Books
1120,Body For Life: 12 Weeks to Mental and Physical Strength,Bill Phillips/Michael D'Orso,201,HarperCollins Publishers  Inc.
1121,Body for Life for Women: A Woman's Plan for Physical and Mental Transformation,Pamela Peeke/Cindy Crawford,288,Rodale Books
1123,Eating for Life: Your Guide to Great Health  Fat Loss and Increased Energy!,Bill Phillips,405,High Point Media
1130,The Warren Buffett Way,Robert G. Hagstrom/Bill Miller/Kenneth L. Fisher,245,John Wiley & Sons
1138,The Warren Buffett CEO: Secrets from the Berkshire Hathaway Managers,Robert P. Miles/Tom Osborne,432,Wiley
1164,Monkey Business: True Story of the Scopes Trial,Marvin N. Olasky/John R. Perry,368,B Books
1167,Junie B. Jones and a Little Monkey Business (Junie B. Jones  #2),Barbara Park/Denise Brunkus,68,Random House Books for Young Readers
1169,Monkey Business,Sarah Mlynowski,392,Red Dress Ink
1171,Liar's Poker,Michael   Lewis,256,Penguin Books
1177,Liar's Poker: A Harry Garnish Mystery,Frank McConnell,214,Walker & Company
1188,Risotto: 30 Simply Delicious Vegetarian Recipes from an Italian Kitchen,Ursula Ferrigno/Jason Lowe/Maxine  Clark,64,Ryland Peters & Small
1191,Giada's Family Dinners,Giada De Laurentiis/Victoria Pearson,256,Clarkson Potter
1192,Everyday Italian: 125 Simple and Delicious Recipes,Giada De Laurentiis,256,Clarkson Potter
1193,Everyday Pasta,Giada De Laurentiis/Victoria Pearson,240,Clarkson Potter
1196,Tyler's Ultimate: Brilliant Simple Food to Make Any Time,Tyler Florence/Petrina Tinslay,256,Clarkson Potter
1197,Tyler Florence's Real Kitchen: An Indespensible Guide for Anybody Who Likes to Cook,Tyler Florence/JoAnn Cianciulli/Bill Bettencourt/Bobby Flay,304,Clarkson Potter Publishers
1198,Eat This Book: Cooking with Global Fresh Flavors,Tyler Florence/Petrina Tinslay,287,Clarkson Potter Publishers
1202,Freakonomics: A Rogue Economist Explores the Hidden Side of Everything,Steven D. Levitt/Stephen J. Dubner,320,William Morrow
1204,Freakonomics: Un economista políticamente incorrecto explora el lado oculto de lo que nos afecta,Steven D. Levitt/Stephen J. Dubner,250,Ediciones B
1206,Freakonomics: A Rogue Economist Explores the Hidden Side of Everything,Steven D. Levitt/Stephen J. Dubner,496,Harper
1218,The Last Assassin (John Rain  #5),Barry Eisler,338,Putnam Publishing Group
1226,Life of Pi,Yann Martel,401,Mariner Books / Harvest Books
1230,L'Histoire de Pi,Yann Martel/Nicole Martel/Emile Martel,448,Gallimard
1234,Shadows and Wind: A View of Modern Vietnam,Robert Templer,400,Penguin Books
1241,A Million Little Pieces,James Frey,515,Anchor Books
1242,A Million Little Pieces of Feces,Python Bonkers,256,Lulu.com
1243,A Million Little Lies,James Pinocchio/Pablo Fenjves,191,William Morrow Paperbacks
1246,The Leadership Challenge,James M. Kouzes/Barry Z. Posner,458,Jossey-Bass
1252,Lincoln on Leadership: Executive Strategies for Tough Times,Donald T. Phillips,193,Business Plus
1255,Leadership in Organizations,Gary Yukl,542,Prentice Hall
1265,Leadership,Rudolph W. Giuliani,397,Little  Brown
1274,Men Are from Mars  Women Are from Venus,John Gray,368,Harper Paperbacks
1276,Mars and Venus Book of Days: 365 Inspriations to Enrich Your Relationships,John Gray,368,Harper
1281,Men Are from Mars  Women Are from Venus,John Gray,2,HarperAudio
1290,How to Succeed with Women,Ron  Louis/David Copeland,320,Prentice Hall Press
1295,The Clan of the Cave Bear (Earth's Children  #1),Jean M. Auel,512,Bantam
1296,The Clan of the Cave Bear (Earth's Children  #1),Jean M. Auel,468,Crown Publishing Group
1301,Moneyball: The Art of Winning an Unfair Game,Michael   Lewis,317,W. W. Norton  Company
1302,Juiced Official Strategy Guide,Doug Walsh,112,BradyGames
1303,The 48 Laws of Power,Robert Greene/Joost Elffers,452,Penguin (Business)
1305,Gates of Fire,Steven Pressfield,392,Bantam
1307,Fire Sea (The Death Gate Cycle  #3),Margaret Weis/Tracy Hickman,414,Spectra Books
1312,The Gate of Fire (Oath Of Empire Book Two),Thomas Harlan,721,Tor Classics
1315,The Afghan Campaign,Steven Pressfield,354,Doubleday Books
1317,Tides of War,Steven Pressfield,448,Bantam
1318,Last of the Amazons,Steven Pressfield,400,Bantam
1319,The War of Art: Break Through the Blocks & Win Your Inner Creative Battles,Steven Pressfield/Robert McKee,168,Warner Books
1320,Gita on the Green,Stephen J. Rosen/Steven Pressfield,176,Continuum
1322,Blood Stripes: The Grunt's View of the War in Iraq,David J. Danelo/Steven Pressfield,340,Stackpole Books
1326,Phaedrus and Letters VII and VIII,Plato/Walter Hamilton,160,Penguin Classics
1327,Phaedrus,Plato/Robin Waterfield,128,Oxford University Press  USA
1328,Phaedrus,Plato/C.J. Rowe,176,Penguin Classics
1334,Lysis/Phaedrus/Symposium: Plato on Homosexuality,Plato/Benjamin Jowett,157,Prometheus Books
1337,Enthusiasm and Divine Madness,Josef Pieper/Richard Winston/Clara Winston,125,St. Augustines Press
1338,On Love: Lysis/Symposium/Phaedrus/Alcibiades/Selections from Republic & Laws,Plato/C.D.C. Reeve,272,Hackett Publishing Company  Inc.
1342,Gorgias/Phaedrus (Agora),Plato/James H. Nichols Jr.,233,Cornell University Press
1351,Statesman,Plato/C.J. Rowe,128,Hackett Publishing Company  Inc.
1354,Gorgias,Plato/Walter Hamilton/Chris Emlyn-Jones,208,Penguin Classics
1362,The Histories,Herodotus/Aubrey de Sélincourt/John M. Marincola,716,Penguin Books
1363,The Histories,Herodotus/Aubrey de Sélincourt/John M. Marincola,622,Penguin Classics
1364,The History (Great Minds),Herodotus/Henry Francis Cary,613,Prometheus Books
1365,The Histories,Herodotus/Carolyn Dewald/Robin Waterfield,772,Oxford University Press
1366,The Histories,Herodotus/Aubrey de Sélincourt/Andrew Robert Burn,653,Penguin Classics
1367,The Histories,Herodotus/Jennifer Tolbert Roberts/Walter Blanco,464,W.W. Norton & Company
1368,The Histories,Herodotus/Edward Henry Blakeney/George Rawlinson/Rosalind Thomas,816,Everyman's Library 234
1369,The History,Herodotus/Peter Grene,710,University of Chicago Press
1371,The Iliad,Homer/Robert Fagles/Bernard Knox,683,Penguin Classics
1373,Iliad,Homer/Stanley Lombardo/Sheila Murnaghan,574,Hackett Publishing Company  Inc.
1374,The Iliad,Homer/Robert Fitzgerald/Andrew Ford,588,Farrar  Straus and Giroux
1375,The Iliad/The Odyssey,Homer/Robert Fagles/Bernard Knox,1556,Penguin Classics
1376,The Iliad,Homer/E.V. Rieu/Peter Jones/D.C.H. Rieu,462,Penguin Classics
1377,The Iliad,Homer/W.H.D. Rouse,312,Signet Classics
1378,The Essential Iliad,Homer/Sheila Murnaghan/Stanley Lombardo,216,Hackett Publishing Company  Inc.
1381,The Odyssey,Homer/Robert Fagles/Bernard Knox,541,Penguin Classics
1382,The Odyssey,Homer/Robert Fitzgerald/D.S. Carne-Ross,515,Farrar  Straus and Giroux
1383,The Odyssey,Homer/Richmond Lattimore,374,Harper Perennial
1384,The Odyssey,Homer/E.V. Rieu/Peter Jones/D.C.H. Rieu,324,Penguin Classics
1387,The Odyssey,Homer/W.H.D. Rouse,304,Signet Classics
1391,Aeneid: Selections from Books 1  2  4  6  10  12,Virgil/Barbara Weiden Boyd,161,Bolchazy-Carducci Publishers
1402,Eclogues. Georgics. Aeneid: Books 1-6,Virgil/Henry Rushton Fairclough/G.P. Goold,607,Harvard University Press
1403,City Eclogue,Ed Roberson,136,Atelos Press
1405,The Eclogues and The Georgics,Virgil/Cecil Day-Lewis,180,Oxford University Press
1408,Paul Kirk's Championship Barbecue Sauces: 175 Make-Your-Own Sauces  Marinades  Dry Rubs  Wet Rubs  Mops and Salsas,Paul  Kirk,272,Harvard Common Press
1417,The Complete Pelican Shakespeare,William Shakespeare/Stephen Orgel/A.R. Braunmuller,1808,Viking
1419,The Complete Works,William Shakespeare,1248,Gramercy
1420,Hamlet,William Shakespeare/Harold Bloom/Rex Gibson,289,Cambridge University Press
1423,The Compleat Works of Wllm Shkspr (abridged),Reduced Shakespeare Company/Adam Long/Daniel Singer/Jess Winfield,137,Applause Books
1424,The Pilgrimage: A Contemporary Quest for Ancient Wisdom,Paulo Coelho/Alan R. Clarke,272,HarperOne
1425,The Valkyries,Paulo Coelho/Alan R. Clarke,212,HarperOne
1426,Warrior of the Light,Paulo Coelho,142,HarperOne
1427,The Zahir,Paulo Coelho/Margaret Jull Costa,336,HarperOne
1428,By the River Piedra I Sat Down and Wept,Paulo Coelho/Alan R. Clarke,208,HarperOne
1429,The Fifth Mountain,Paulo Coelho/Clifford E. Landers,256,HarperOne
1431,Veronika Decides to Die,Paulo Coelho/Margaret Jull Costa/Kâmuran Şipal,210,Harper Perennial
1433,Hamlet,William Shakespeare/Stephen Orgel/A.R. Braunmuller,148,Penguin Books
1437,Cliffs Notes on Shakespeare's Hamlet,Carla Lynn Stockton,129,Cliffs Notes
1438,Shakespeare's Hamlet,William Shakespeare/Terri Mategrano,240,Cliffs Notes
1439,Hamlet's Mill: An Essay Investigating the Origins of Human Knowledge and Its Transmission Through Myth,Giorgio De Santillana/Hertha Von Dechend,450,Nonpareil Books
1440,History of the Peloponnesian War: Bk. 1-2,Thucydides/C.F. Smith,496,Harvard University Press
1441,On Justice  Power and Human Nature: Selections from The History of the Peloponnesian War,Thucydides/Paul Woodruff,172,Hackett Publishing Company  Inc.
1444,History of the Peloponnesian War: Bk. 5-6,Thucydides/C.F. Smith,400,Harvard University Press
1445,The Peloponnesian War,Thucydides/Steven Lattimore,530,Hackett Publishing Company  Inc.
1449,The Peloponnesian War: A New Translation  Backgrounds  Interpretations,Thucydides/Jennifer Tolbert Roberts/Walter Blanco,554,W. W. Norton & Company
1459,History of the Peloponnesian War  Bk. 7-8,Thucydides/C.F. Smith,480,Harvard University Press
1461,Thucydides  Book 6 Commentary,Cynthia W. Shelmerdine,34,Bryn Mawr Commentaries
1462,Euripides I: Alcestis / The Medea / The Heracleidae / Hippolytus,Euripides/Richmond Lattimore/David Grene/Rex Warner/Ralph Gladstone,221,University of Chicago Press
1463,Euripides V: Electra / The Phoenician Women / The Bacchae,Euripides/David Grene/Richmond Lattimore/Emily Townsend Vermeule/Elizabeth Wyckoff/William Arrowsmith,228,University of Chicago Press
1465,Euripides IV: Rhesus / The Suppliant Women / Orestes / Iphigenia in Aulis,Euripides/David Grene/Richmond Lattimore/William Arrowsmith/Frank William Jones/Charles R. Walker,307,University of Chicago Press
1466,Grief Lessons: Four Plays by Euripides,Anne Carson/Euripides,312,New York Review of Books
1467,Ten Plays,Euripides/Moses Hadas/John Maclean,432,Bantam Classics
1468,Euripides III: Hecuba / Andromache / The Trojan Women / Ion (Complete Greek Tragedies  #7),Euripides/David Grene/Richmond Lattimore/William Arrowsmith/John Frederick Nims/Ronald Frederick Willetts,255,University of Chicago Press
1470,Euripides II: The Cyclops / Heracles / Iphigenia in Tauris / Helen,Euripides/David Grene/Richmond Lattimore/Witter Bynner/William Arrowsmith,264,University of Chicago Press
1473,Medea and Other Plays,Euripides/John Davie/Richard Rutherford,206,Penguin Books
1474,Cyclops / Alcestis / Medea,Euripides/David Kovacs,432,Loeb Classical Library
1475,Medea,Euripides/Donald J. Mastronarde,431,Cambridge University Press
1476,The Bacchae and Other Plays,Euripides/John Davie/Richard Rutherford,360,Penguin Classics
1479,Bakkhai,Euripides/Reginald Gibbons/Peter H. Burian,160,Oxford University Press  USA
1480,Plays 1: Medea/The Phoenician Women/Bacchae,Euripides/David Thompson/J. Michael Walton,192,Bloomsbury Methuen Drama
1486,The Trojan Women and Hippolytus,Euripides,64,Dover Publications
1488,The Bacchae of Euripides: A Communion Rite,Wole Soyinka,128,W. W. Norton  Company
1489,Orestes and Other Plays,Euripides/James Morwood/Robin Waterfield,282,Oxford University Press
1491,Children of Heracles / Hippolytus / Andromache / Hecuba,Euripides/David Kovacs,528,Loeb Classical Library
1494,Alcestis,Euripides/William Arrowsmith,142,Oxford University Press  USA
1495,Suppliant Women / Electra / Heracles,Euripides/David Kovacs,464,Loeb Classical Library
1499,Medea,Euripides/Georgia Ann Machemer/Michael   Collier,116,Oxford University Press  USA
1504,Euripides: Medea,William Allan,160,Bristol Classical Press
1506,CliffsNotes on Euripides' Medea and Electra,Robert J. Milch,69,Cliffs Notes
1509,Trojan Women / Iphigenia Among the Taurians / Ion,Euripides/David Kovacs,528,Loeb Classical Library
1510,Helen / Phoenician Women / Orestes,Euripides/David Kovacs,605,Loeb Classical Library
1511,Euripides: Iphigenia at Aulis (Companions to Greek & Roman Tragedy),Euripides/Pantelis Michelakis,144,Bristol Classical Press
1515,The Complete Greek Tragedies  Volume 3: Euripides,Euripides/David Grene/Richmond Lattimore,672,University of Chicago Press
1516,Aeschylus I: Oresteia (Agamemnon  The Libation Bearers  The Eumenides),Aeschylus/David Grene/Richmond Lattimore,171,University of Chicago Press
1517,Aeschylus II: The Suppliant Maidens  The Persians  Seven against Thebes  and Prometheus Bound (The Complete Greek Tragedies),Aeschylus/David Grene/Richmond Lattimore/Seth Benardete,188,University of Chicago Press
1518,The Oresteia,Aeschylus/Alan Shapiro/Peter H. Burian,304,Oxford University Press  USA
1519,The Oresteia: Agamemnon  The Libation Bearers  The Eumenides,Aeschylus/Robert Fagles/William Bedell Stanford,335,Penguin Classics
1521,Oresteia,Aeschylus/Peter Meineck/Helene P. Foley,224,Hackett Publishing Company  Inc.
1523,Prometheus Bound and Other Plays,Aeschylus/Philip Vellacott,160,Penguin Books
1525,The Oresteia,Aeschylus/Ted Hughes,208,Farrar  Straus and Giroux
1526,Aeschylus  1: The Oresteia: Agamemnon/The Libation Bearers/The Eumenides,Aeschylus/David R. Slavitt/Smith Palmer Bovie,178,University of Pennsylvania Press
1527,The Complete Greek Tragedies  Volume 1: Aeschylus,Aeschylus/Richmond Lattimore/David Grene,358,University of Chicago Press
1529,Aeschylus: The Oresteia (A Student Guide: Landmarks of World Literature),Simon Goldhill,95,Cambridge University Press
1530,The Oresteia: Agamemnon  Choephoroe & Eumenides (Everyman's Library  No. 260),Aeschylus/George Thomson/Richard Seaford,127,Everyman's Library
1531,Aeschylus 2: The Persians/Seven Against Thebes/The Suppliants/Prometheus Bound,Aeschylus/David R. Slavitt/Smith Palmer Bovie,232,University of Pennsylvania Press
1532,The Oresteia Trilogy: Agamemnon/The Libation-Bearers/The Furies,Aeschylus/E.D.A. Morshead,151,Dover Publications
1533,The Suppliant Maidens/The Persians/Seven against Thebes/Prometheus Bound,Aeschylus/E.D.A. Morshead,208,Kessinger Publishing
1536,Sophocles II: Ajax/Women of Trachis/Electra/Philoctetes (Complete Greek Tragedies 4),Sophocles/David Grene/Richmond Lattimore/John Moore/Michael Jameson,254,University of Chicago Press
1537,The Oedipus Plays of Sophocles: Oedipus the King; Oedipus at Colonus; Antigone,Sophocles/Paul Roche,288,Plume
1538,The Complete Plays,Sophocles/Paul Roche,420,New American Library
1540,The Oedipus Cycle: Oedipus Rex  Oedipus at Colonus  Antigone,Sophocles/Robert Fitzgerald/Dudley Fitts,259,Mariner Books
1542,The Three Theban Plays: Antigone  Oedipus the King  Oedipus at Colonus,Sophocles/Robert Fagles/Bernard Knox,430,Penguin Books
1546,Theban Plays,Sophocles/Peter Meineck/Paul Woodruff,304,Hackett Publishing Company  Inc.
1547,The Theban Plays (Everyman's Library  #93),Sophocles/David Grene/Charles Segal,223,Alfred A. Knopf
1548,Electra and Other Plays,Sophocles/E.F. Watling,218,Penguin
1549,Antigone; Oedipus the Kingn; Electra,Sophocles/Edith Hall/H.D.F. Kitto,178,Oxford University Press
1554,Oedipus Rex  (The Theban Plays  #1),Sophocles/J.E. Thomas,75,Prestwick House - (Literary Touchstone Classic)
1555,The Oedipus Plays of Sophocles,Sophocles/Paul Roche,390,Signet Books (NY)
1558,Oedipus Rex (Greek and Latin Classics),Sophocles/Roger D. Dawe,214,Cambridge University Press
1559,Oedipus the King,Sophocles/Bernard Knox/Cynthia Brantley Johnson,144,Simon  Schuster
1560,Four Plays: The Clouds/The Birds/Lysistrata/The Frogs,Aristophanes/William Arrowsmith/Richmond Lattimore/Douglass Parker,624,Plume
1561,Three Plays by Aristophanes: Lysistrata/Women at the Thesmophoria/Assemblywomen,Aristophanes/Jeffrey Henderson,256,Routledge
1562,The Complete Plays,Aristophanes/Moses Hadas,577,Bantam Classics
1563,Aristophanes 1: The Acharnians/Peace/Celebrating Ladies/Wealth,Aristophanes/David R. Slavitt,336,University of Pennsylvania Press
1566,Clouds/Wasps/Birds (Aristophanes 1),Aristophanes/Peter Meineck,480,Hackett Publishing Company  Inc.
1567,Lysistrata and Other Plays,Aristophanes/Alan H. Sommerstein,241,Penguin Classics
1568,Acharnians,Aristophanes/Jeffrey Henderson,96,Focus Publishing/R. Pullins Company
1571,Clouds,Aristophanes/Kenneth James Dover,254,Oxford University Press  USA
1572,Clouds/Wasps/Peace,Aristophanes/Jeffrey Henderson,624,Loeb Classical Library/Harvard University Press
1576,Three Plays: The Wasps / The Poet and the Women / The Frogs,Aristophanes/David B. Barrett,224,Penguin Books
1577,Four Comedies: Lysistrata / The Frogs / The Birds / Ladies' Day,Aristophanes/Dudley Fitts,400,Harcourt
1579,Frogs/Assemblywomen/Wealth (Loeb Classical Library 180),Aristophanes/Jeffrey Henderson,608,Harvard University Press
1584,Cliffs Notes on Aristophanes' Lysistrata  The Birds  The Clouds  The Frogs,W. John Campbell,80,Cliffs Notes
1585,Aristophanes and Athens: An Introduction to the Plays,Douglas M. MacDowell,376,Oxford University Press
1586,Lysistrata,Aristophanes/Douglass Parker,98,Signet
1590,Peace,Aristophanes/S. Douglas Olson,408,Oxford University Press  USA
1591,Lysistrata,Aristophanes/Sarah Ruden,132,Hackett Publishing Company  Inc.
1592,The Knights / Peace / The Birds / The Assembly Women / Wealth,Aristophanes/Alan H. Sommerstein/David B. Barrett/David Brett,335,Penguin Classics
1595,Genres in Dialogue: Plato and the Construct of Philosophy,Andrea Wilson Nightingale,238,Cambridge University Press
1618,The Curious Incident of the Dog in the Night-Time,Mark Haddon,226,Vintage
1620,The Night Gardener,George Pelecanos,372,Little Brown and Company
1625,Twelfth Night,William Shakespeare,272,Simon Schuster
1627,Brokeback Mountain,Annie Proulx,55,Scribner
1633,Getting Things Done: The Art of Stress-Free Productivity,David    Allen,267,Penguin Books
1634,Getting Things Done When You Are Not in Charge,Geoffrey M. Bellman,176,Berrett-Koehler Publishers
1642,Formas breves,Ricardo Piglia,144,Anagrama
1643,The Last Reader,Ricardo Piglia,209,Anagrama
1645,Money to Burn,Ricardo Piglia/Amanda Hopkinson,209,Granta UK
1646,Artificial respiration,Ricardo Piglia,218,Anagrama
1654,Plata quemada,Ricardo Piglia,227,Anagrama
1658,American Government: Continuity and Change  Alternate Edition,Karen  O'Connor/Larry J. Sabato,664,Longman Publishing Group
1664,Essentials of American and Texas Government: Continuity and Change,Karen  O'Connor/Larry J. Sabato,854,Longman Publishing Group
1667,The Tunnel,Ernesto Sabato,159,Seix Barral
1681,The Confessions (Works of Saint Augustine 1),Augustine of Hippo/John E. Rotelle/Maria Boulding,416,New City Press
1684,The City of God,Augustine of Hippo/Thomas Merton/Marcus Dods,905,Random House
1685,The Enchiridion on Faith Hope and Love (Augustine Series 1),Augustine of Hippo/Bruce Harbert/John E. Rotelle,144,New City Press
1686,Augustine of Hippo: A Biography,Peter R.L. Brown,576,University of California Press
1693,On Christian Doctrine,Augustine of Hippo/D.W. Robertson Jr.,191,Library of Liberal Arts/Bobb-Merrill (Indianapolis  IN)
1698,Confessions  Books 1-13,Augustine of Hippo/Peter R.L. Brown/Frank Sheed,296,Hackett Publ. Co Inc
1702,Saint Augustine,Garry Wills,176,Penguin Books
1703,Augustine: A Very Short Introduction,Henry Chadwick,144,Oxford University Press  USA
1707,On Genesis/A Refutation of the Manichees/The Unfinished Literal Meaning of Genesis (Works of St Augustine 1),Augustine of Hippo/Boniface Ramsey/Edmund Hill,540,New City Press
1709,Kitchen Confidential: Adventures in the Culinary Underbelly,Anthony Bourdain,302,Ecco Press
1710,Confesiones de un chef,Anthony Bourdain,478,Santillana USA Publishing Company
1713,The Metamorphoses of Ovid,Ovid/Allen Mandelbaum,559,Harcourt Brace
1715,Metamorphoses,Ovid/David Raeburn/Denis Feeney,723,Penguin
1718,Metamorphoses,Ovid/Bernard Knox/Charles    Martin,624,W. W. Norton  Company
1720,Ovid's Metamorphoses: Books 1-5,Ovid/William Scovil Anderson,584,University of Oklahoma Press
1721,Ovid's Metamorphoses: Books 6-10,Ovid/William Scovil Anderson,560,University of Oklahoma Press
1722,Latin Via Ovid: A First Course,Norma Goldman/Jacob E. Nyenhuis,524,Wayne State University Press
1725,The Art of Love and Other Poems,Ovid/J.H. Mozley/G.P. Goold,400,Harvard University Press
1728,The Poems of Exile: Tristia and the Black Sea Letters,Ovid/Peter Green,451,University of California Press
1729,Metamorphoses: Volume 2  Books IX-XV,Ovid/Frank Justus Miller,499,Harvard University Press
1730,Metamorphoses: Volume I  Books I-VIII,Ovid/Frank Justus Miller,496,Harvard University Press
1731,Practice! Practice!: A Latin Via Ovid Workbook,Norma Goldman/Michael  Rossi,152,Wayne State University Press
1744,Tibullus: A Commentary,Michael C.J. Putnam,222,University of Oklahoma Press
1750,Dionysiac Poetics and Euripides' Bacchae,Charles Segal,440,Princeton University Press
1752,Antigone,Sophocles/Reginald Gibbons/Charles Segal,197,Oxford University Press
1761,Antigone,Sophocles/Reginald Gibbons/Charles Segal,208,Oxford University Press  USA
1771,Object-Oriented Programming in C++,Richard Johnsonbaugh/Martin Kalin,640,Prentice Hall
1796,The Iliad,Homer/Robert Fitzgerald,594,Everyman
1800,Love  Sex & Tragedy: How the Ancient World Shapes Our Lives,Simon Goldhill,345,University of Chicago Press
1801,Reading Greek Tragedy,Simon Goldhill,302,Cambridge University Press
1804,Who Needs Greek? Contests in the Cultural History of Hellenism,Simon Goldhill,334,Cambridge University Press
1805,Foucault's Virginity: Ancient Erotic Fiction & the History of Sexuality (Stanford Memorial Lecture),Simon Goldhill,212,Cambridge University Press
1814,2012: The Return of Quetzalcoatl,Daniel Pinchbeck,408,Tarcher
1815,Breaking Open the Head: A Psychedelic Journey Into the Heart of Contemporary Shamanism,Daniel Pinchbeck/Lee Fukui,336,Three Rivers Press (CA)
1823,Them: Adventures with Extremists,Jon Ronson,336,Simon  Schuster
1824,The Men Who Stare at Goats,Jon Ronson,259,Simon  Schuster
1839,Guns  Germs and Steel: The Fates of Human Societies,Jared Diamond,518,W.W. Norton
1843,Caught Inside: A Surfer's Year on the California Coast,Daniel Duane,256,North Point Press
1845,Into the Wild,Jon Krakauer,207,Anchor Books
1846,Wild at Heart: Discovering the Secret of a Man's Soul,John Eldredge,256,Thomas Nelson
1848,Wild Swans: Three Daughters of China,Jung Chang,562,Simon  Schuster
1849,Wild Fire (John Corey  #4),Nelson DeMille,519,Warner Books (NY)
1850,Born to Be Wild,Catherine Coulter,354,Jove
1852,The Call of the Wild,Jack London/Avi,172,Scholastic
1853,Wild About Books,Judy Sierra/Marc Brown,40,Alfred A. Knopf Books for Young Readers
1856,In Web Design for Libraries,Charles P. Rubenstein,196,Libraries Unlimited
1869,Nickel and Dimed: On (Not) Getting by in America,Barbara Ehrenreich,240,Owl Books (Henry Holt)